Embedding,Isolated labels,Leiden NMI,Leiden ARI,Silhouette label,cLISI,Silhouette batch,iLISI,KBET,Graph connectivity,PCR comparison,Batch correction,Bio conservation,Total
100_encoder_0.1,0.55276,0.7642969697428962,0.7092710970025766,0.5392553359270096,0.9997388482093811,0.9327159,0.2913948467799595,0.4301351170479115,0.7948948301092403,0.6613531261018742,0.6220987625661467,0.7130644511758233,0.6766781757319527
16_encoder_0.1,0.5671914,0.7879316621795788,0.8076313211036389,0.5507413372397423,0.9997004628181457,0.9390583,0.29625981194632395,0.43705978567147613,0.8279851882506709,0.6143901473328014,0.622950647406856,0.7426392410653464,0.6947638036019503
32_encoder_0.1,0.5748081,0.8301551508091882,0.8210848877135182,0.5507803522050381,0.9997386376063029,0.94032806,0.28621057101658415,0.40380818239728616,0.8426252961762778,0.6023939750326012,0.6150732172406814,0.7553134298123172,0.6992173447836629
4_encoder_0.1,0.56696594,0.8513434087148737,0.8348555271699989,0.5834551677107811,0.999999984105428,0.92043334,0.20168723378862655,0.3403271490520343,0.8701120157663984,0.5818886065871687,0.582889669530209,0.7673240050631046,0.6935502708499464
64_encoder_0.1,0.56334263,0.837894007554477,0.8452224614810719,0.5422212705016136,0.9996681451797486,0.94642335,0.2933331217084612,0.3835809352116467,0.8322764806430579,0.6237086893787972,0.6158645157413284,0.7576697031160202,0.7009476281661435
8_encoder_0.1,0.5714441,0.7508762299148439,0.5876695996778829,0.5403800345957279,0.999808422724406,0.9332407,0.2810415540422712,0.40984303034444036,0.8054793965773532,0.6149849716102408,0.6089179328526602,0.6900356762187843,0.6575885788723346
Unintegrated,0.35440326,0.6908550243986014,0.6098388070527934,0.47121565230190754,0.9971183220545451,0.8112522,0.201211793082101,0.31328418005326986,0.7098442027967061,0.4783873403012426,0.5027959385989893,0.6246862126355686,0.5759301030209368
Unintegrated_HVG_only,0.58475333,0.7556210870134425,0.47018140553787136,0.5735061839222908,0.9999999761581421,0.9263454,0.17110402243477957,0.2115141801935555,0.8340435655651813,0,0.42860143523126304,0.6768123974307988,0.5775280125509845
Metric Type,Bio conservation,Bio conservation,Bio conservation,Bio conservation,Bio conservation,Batch correction,Batch correction,Batch correction,Batch correction,Batch correction,Aggregate score,Aggregate score,Aggregate score
