Embedding,Isolated labels,Leiden NMI,Leiden ARI,Silhouette label,cLISI,Silhouette batch,iLISI,KBET,Graph connectivity,PCR comparison,Batch correction,Bio conservation,Total
16_encoder_0.1,0.2742905943680509,0.18555634724964692,0.45669546086016094,0.17668954076571186,0.299116382158509,0.9735160593000929,0.9071299914314925,0.12220032279832571,0.10763764200328907,0.0,0.42209680310664,0.27846966508041593,0.3359205202909056
32_encoder_0.1,0.266121280870077,0.0,0.0,0.12869809443793656,0.0,1.0000000000000009,1.0,0.12016654533731885,0.0,0.0,0.4240333090674639,0.07896387506160271,0.21699164866394718
4_encoder_0.1,0.30398366873333105,0.12866323735199786,0.1390769971092382,0.009476182173364656,0.24612984452760855,0.9861108904055174,0.9052674643445249,0.4461334646953181,0.17775697738677454,0.2080513592860975,0.5446640312236465,0.16546598597910805,0.3171452040769234
64_encoder_0.1,0.2643214644452909,0.2544361752793934,0.286767182128528,0.14487784781487534,0.3809469102983165,0.9419656923047421,0.9049828984572745,0.11156742218689653,0.13718441662746994,0.0,0.41914008591527663,0.2662699159932808,0.3274179839620791
66_encoder_0.1,0.24662550656367976,0.11587098264232404,0.1565903656361624,0.0,0.2273428841554015,0.9542213369644736,0.9610814764949365,0.3335450534022051,0.1117581899423451,0.04080186473619359,0.48028158430803075,0.14928594779951354,0.2816842024029204
8_encoder_0.1,0.29626874718575724,0.18849749046099568,0.20523829397578497,0.2073449757190886,0.3609915283654104,0.9652331153370914,0.8508433318960522,0.0,0.19768801459858787,0.0,0.4027528923663463,0.25166820714140736,0.31210208123138294
Unintegrated,0.0,0.8164720856438099,1.0,0.09128554859018578,0.9647697074566643,0.0,0.07884571878111202,1.0,0.8463857620818797,1.0,0.5850462961725984,0.574505468338132,0.5787217994719185
Unintegrated_HVG_only,1.0,1.0,0.924914053351749,1.0,1.0,0.9268113460331895,0.0,0.2847417881608989,0.9999999999999999,3.3259731503969846e-05,0.44231727878511845,0.9849828106703498,0.7679165979162572
Metric Type,Bio conservation,Bio conservation,Bio conservation,Bio conservation,Bio conservation,Batch correction,Batch correction,Batch correction,Batch correction,Batch correction,Aggregate score,Aggregate score,Aggregate score
