Embedding,Isolated labels,Leiden NMI,Leiden ARI,Silhouette label,cLISI,Silhouette batch,iLISI,KBET,Graph connectivity,PCR comparison,Batch correction,Bio conservation,Total
3_encoder_0.0_False_0,0.5139212,0.6494000164048492,0.6438160181784907,0.5155006786808372,0.9881894913586703,0.9549675,0.14986107566139914,0.10634495359965639,0.7916292510975147,0.2011545541314426,0.440791466653862,0.6621654811703885,0.5736158753637779
Embedding_1,0.5138394,0.6001444714202039,0.5143819985563669,0.5152681237086654,0.9880094853314486,0.95485324,0.15007058056918057,0.08998063331958357,0.7910775358829985,0.19975581765294065,0.4371475608199932,0.6263287005346297,0.550656244648775
Embedding_2,0.513882,0.6047476528034267,0.5508763828016202,0.5154216503724456,0.9881393909454346,0.95490456,0.15015571767633612,0.08523400237412863,0.781772236346156,0.20177637260249068,0.4347685770547051,0.6346134116591521,0.5546754778173733
Embedding_3,0.513922,0.6214599965115584,0.5432210313710342,0.5155024221166968,0.9881831082430753,0.9549675,0.14985925501043146,0.10767754295397776,0.7917137658707537,0.2011498954640487,0.4410735916157017,0.6364577068663684,0.5583040607661017
Embedding_4,0.5138816,0.6077204783721707,0.5141690709142158,0.5154070677235723,0.9881400953639637,0.95489603,0.15020647915926846,0.10553587091024437,0.789810399001451,0.20195834469593674,0.4404814253154223,0.6278636672237774,0.5529107704604354
