,epoch,accuracy,f1_median,f1_macro,f1_weighted,pearson
0,100.0,0.4523121387283237,0.3148425787106447,0.35619235140242234,0.45921055635054453,0.0
