,epoch,accuracy,f1_median,f1_macro,f1_weighted,pearson
0,100.0,0.6884934971098265,0.6095017381228274,0.6317396582269055,0.6607757825849674,0.0
