,epoch,accuracy,f1_median,f1_macro,f1_weighted,pearson
0,100.0,0.6559790462427746,0.5550952775476388,0.562160313348977,0.6269840040474433,0.0
