,epoch,accuracy,f1_median,f1_macro,f1_weighted,pearson
0,100.0,0.10846732365145229,0.0,0.017791531741347497,0.02122779814808208,0.0
