,epoch,accuracy,f1_median,f1_macro,f1_weighted,pearson
0,100.0,0.9083895228215768,0.9297220242337849,0.7977972574980501,0.9064657952869217,0.0
