,epoch,accuracy,f1_median,f1_macro,f1_weighted,pearson
0,100.0,0.8926348547717843,0.9007359540477473,0.7471681861339573,0.882524243583684,0.0
