Embedding,Isolated labels,Leiden NMI,Leiden ARI,Silhouette label,cLISI,Silhouette batch,iLISI,KBET,Graph connectivity,PCR comparison,Batch correction,Bio conservation,Total
100_encoder_0.1,0.5129151,0.43465239833324076,0.28717915285207185,0.4975687724072486,0.9183619249434698,0.9572082,0.3396425247192383,0.7239212673774424,0.44531481680722534,0.7809248435226605,0.649402333723381,0.5301354646722636,0.5778422122927105
16_encoder_0.1,0.50717896,0.3507449624589656,0.2680882462962154,0.49481514748185873,0.9002981640043712,0.95479816,0.34827208518981934,0.7482858887770995,0.3615677095512625,0.7901308224811914,0.6406109335965725,0.5042250964944187,0.5587794313352802
32_encoder_0.1,0.49289116,0.2993561156781818,0.1984380758195731,0.4922762722708285,0.8896112328483945,0.9561934,0.3597832918167114,0.7658434491829744,0.40638506913525846,0.8159107132233916,0.6608231821733457,0.47451457185017476,0.5490380159794431
4_encoder_0.1,0.49515367,0.24688965551224268,0.14926293268202565,0.4913193192332983,0.8916527884347099,0.9456015,0.3531793753306071,0.7090937429333098,0.3357578073406644,0.722349049575747,0.6131962996205689,0.45485567228097584,0.5181919232168131
64_encoder_0.1,0.50950813,0.39757203344753966,0.30310155469174993,0.49623724538832903,0.9086552915118989,0.9611774,0.3396858374277751,0.7031331337925373,0.42150355524165595,0.7688840000547984,0.6388767870423975,0.5230148515948175,0.5693596257738496
8_encoder_0.1,0.50800556,0.42365993946244757,0.29291567239730604,0.4978802143596113,0.918204977398827,0.95893157,0.3241484562555949,0.7159095104760387,0.44727031747514945,0.7119207404593346,0.6316361179901694,0.5281332726125239,0.569534410763582
Unintegrated_HVG_only,0.6129633,0.7668289941626423,0.638691086764052,0.5455652736127377,0.9918542816525414,0.91819817,0.14283180236816406,0.26700300061983545,0.876650505507999,6.31808321115766e-05,0.44094933152117005,0.7111805910033483,0.603088087210477
Metric Type,Bio conservation,Bio conservation,Bio conservation,Bio conservation,Bio conservation,Batch correction,Batch correction,Batch correction,Batch correction,Batch correction,Aggregate score,Aggregate score,Aggregate score
