Embedding,Isolated labels,Leiden NMI,Leiden ARI,Silhouette label,cLISI,Silhouette batch,iLISI,KBET,Graph connectivity,PCR comparison,Batch correction,Bio conservation,Total
100_encoder_0.1,0.16986067143204409,0.2008566841021473,0.392560756560016,0.17268157894507574,0.15326652403050645,0.8804965742635851,0.8959764291788964,0.8602334135826546,0.0951849328726957,0.8917876037696103,0.7247357907334884,0.2178452430139579,0.4206014621017701
16_encoder_0.1,0.04534665526763604,0.18239388117921784,0.1717930390751059,0.24489986874491088,0.23674536467925833,0.9514035255309317,0.9548136328667404,1.0,0.08124851470154804,0.9687422784546766,0.7912415903107793,0.1762357617892258,0.4222380931978472
32_encoder_0.1,0.0,0.045048371992334246,0.3161466586919235,0.14009898295555878,0.05282394075636887,0.916129923924462,0.949736289243324,0.930082552617699,0.0,0.9804958509787607,0.7552889233528491,0.11082359087923707,0.36860972386868196
4_encoder_0.1,0.055593218487188345,0.8182283189499664,1.0,0.6292251675882934,0.8494501737580649,0.47751981154892675,0.8429064905127094,0.7914476727742883,0.3470818207209794,0.9003679502306503,0.6718647491575108,0.6704993757567026,0.6710455251170259
64_encoder_0.1,0.13432683351861296,0.15153569795867838,0.0,0.0,0.0,0.9999999999999964,1.0,0.9989360943337553,0.15952545065548307,0.9999999999999999,0.831692308997847,0.05717250629545827,0.3669804273764138
8_encoder_0.1,0.23756599738332174,0.0,0.2466501276516122,0.16809458325532667,0.16820477292351654,0.7772651424460015,0.905934244915625,0.8680292947187538,0.21417708603261731,0.9177401752312342,0.7366291886688463,0.16410309624275543,0.39311353321319176
Unintegrated_HVG_only,1.0,1.0,0.8187406513803186,1.0,1.0,0.0,0.0,0.0,1.0,0.0,0.2,0.9637481302760638,0.6582488781656382
Metric Type,Bio conservation,Bio conservation,Bio conservation,Bio conservation,Bio conservation,Batch correction,Batch correction,Batch correction,Batch correction,Batch correction,Aggregate score,Aggregate score,Aggregate score
