Embedding,Isolated labels,Leiden NMI,Leiden ARI,Silhouette label,cLISI,Silhouette batch,iLISI,KBET,Graph connectivity,PCR comparison,Batch correction,Bio conservation,Total
100_encoder_0.1,0.16676565847256075,0.36112432521142096,0.28179053252202557,0.1152058848524753,0.281199479391006,0.9076486120664811,0.9071646516524619,0.9159607407011907,0.20254850885908526,0.9571171471240634,0.7780879320806564,0.2412171760898977,0.4559654784862012
16_encoder_0.1,0.11899344569172143,0.1997450456745567,0.2427839768169019,0.06444403621526895,0.10452476995720517,0.8515737679455029,0.9469411034874591,0.9648032543141845,0.047717231713513275,0.9684010924606974,0.7558872899842715,0.14609825487113084,0.3900138689163871
32_encoder_0.1,0.0,0.10090881044339844,0.10047469220437588,0.017641002881736867,0.0,0.88403654558768,1.0,1.0,0.130575365564917,1.0,0.8029223822305195,0.04380490110590224,0.3474518935557492
4_encoder_0.1,0.018842860663800032,0.0,0.0,0.0,0.019967671251921004,0.6375951361306491,0.9695604003323954,0.8862367588411755,0.0,0.8853196707313535,0.6757423932071147,0.007762106383144207,0.27495422111273243
64_encoder_0.1,0.138391537454023,0.2898076116464306,0.31432319683011434,0.0906597775131921,0.1862626250512598,1.0,0.9073642940178905,0.8742878297638692,0.15852635502663892,0.9423584538758655,0.7765073865368528,0.20388894969900395,0.4329363244341435
8_encoder_0.1,0.12587761634350159,0.33998251490076786,0.29351139389338177,0.1209471784830427,0.27966443572321076,0.9477458561697034,0.8357474491108865,0.899899980342882,0.20616382974352276,0.8725374918285792,0.7524189214391148,0.23199662786878092,0.4401655452969145
Unintegrated_HVG_only,1.0,0.9999999999999998,0.9999999999999998,1.0,1.0,0.0,0.0,0.0,1.0,0.0,0.2,1.0,0.6799999999999999
Metric Type,Bio conservation,Bio conservation,Bio conservation,Bio conservation,Bio conservation,Batch correction,Batch correction,Batch correction,Batch correction,Batch correction,Aggregate score,Aggregate score,Aggregate score
