Embedding,Isolated labels,Leiden NMI,Leiden ARI,Silhouette label,cLISI,Silhouette batch,iLISI,KBET,Graph connectivity,PCR comparison,Batch correction,Bio conservation,Total
3_encoder_0.0_False_0,0.54645807,0.8012874732537959,0.7679060210714738,0.5369057096540928,0.9999999523162841,0.96221447,0.2756194387163435,0.022774141230938395,0.9426259568261127,0,0.44064680133661255,0.7305114443610886,0.6145655871512982
Embedding_1,0.54638916,0.8178828302814817,0.7850503398999504,0.5368623584508896,0.9999999523162841,0.96221215,0.2755239350455148,0.022451524729467053,0.9429574195587866,0,0.44062900493245805,0.7372369286978083,0.6185937591916681
Embedding_2,0.54638046,0.8693918841797575,0.8578079760113771,0.5368415750563145,0.9999999523162841,0.96222454,0.2755568368094308,0.022507799818587415,0.9429308199536419,0,0.44064399993525905,0.7620843695652064,0.6335082217132275
Embedding_3,0.54637754,0.8117687841615454,0.7245725101476955,0.5368387587368488,0.9999999523162841,0.9622243,0.2755274772644043,0.022380385780018327,0.943032236826641,0,0.4406328809094239,0.7239115089994156,0.6106000577634189
Embedding_4,0.5464665,0.7996567455748503,0.7631256317396818,0.536923635751009,0.9999999523162841,0.9621982,0.27562672751290457,0.022482311413172616,0.9428689730953704,0,0.4406352419726184,0.729234498950236,0.613794796159189
