Embedding,Isolated labels,Leiden NMI,Leiden ARI,Silhouette label,cLISI,Silhouette batch,iLISI,KBET,Graph connectivity,PCR comparison,Batch correction,Bio conservation,Total
16_encoder_0.1,0.5557139,0.7614193324755726,0.6856273685930282,0.5602337643504143,0.9998305877049763,0.9514314,0.267296518598284,0.31708707263671565,0.8417339679151903,0.6568377378128192,0.6068773381172722,0.7125649890214047,0.6702899286597517
32_encoder_0.1,0.55426776,0.8193946799116177,0.7586632418483811,0.5593583434820175,0.9998126864433289,0.9492575,0.26278257369995117,0.3064347169119198,0.8367608112429754,0.6155044545874774,0.5941480098922856,0.7382993431553674,0.6806388098501347
4_encoder_0.1,0.5863249,0.8537774437595671,0.8333672084172058,0.5767894834280014,0.999999984105428,0.9306308,0.17208964484078543,0.22182445044877927,0.863427374675821,0.5792124696167633,0.5534369485380728,0.7700517980593196,0.6834058582508208
64_encoder_0.1,0.5569359,0.8342492836586108,0.8096489654682865,0.5623438656330109,0.9998472690582275,0.9511845,0.255464996610369,0.27080550072601367,0.8437246222325026,0.6228917694609748,0.5888142800429105,0.7526050580456707,0.6870887468445666
67_encoder_0.1,0.5376795,0.6815877754772427,0.5837638686801823,0.538726206868887,0.9994747479756673,0.9551746,0.2820923328399658,0.31193108114177653,0.8278142173154681,0.6490196270993093,0.6052063766632823,0.6682464184858512,0.6430304017568236
8_encoder_0.1,0.56101334,0.8312947782920276,0.8219194345399188,0.5727691575884819,0.999875561396281,0.9510438,0.25355645588466097,0.3194984451662449,0.858726751438533,0.662600489048811,0.6090851852313255,0.7573744545533442,0.6980587468245367
Unintegrated,0.43622565,0.6430129585368056,0.46528523066427235,0.4703630805015564,0.998184331258138,0.83670783,0.17325043678283691,0.2363312225493166,0.7757149660137874,0.49699147859478005,0.5037991868739596,0.6026142507310949,0.5630882251882408
Unintegrated_HVG_only,0.5738933,0.7470069802128866,0.43576316037255686,0.5739626958966255,0.999999984105428,0.9375225,0.15621651921953475,0.1620120837140107,0.8514786581800162,1.652980313782336e-05,0.42144925237355596,0.6661252258454047,0.5682548364566652
Metric Type,Bio conservation,Bio conservation,Bio conservation,Bio conservation,Bio conservation,Batch correction,Batch correction,Batch correction,Batch correction,Batch correction,Aggregate score,Aggregate score,Aggregate score
