Embedding,Isolated labels,Leiden NMI,Leiden ARI,Silhouette label,cLISI,Silhouette batch,iLISI,KBET,Graph connectivity,PCR comparison,Batch correction,Bio conservation,Total
16_encoder_0.1,0.7518180490394104,0.7534580836280722,0.8788559661860234,0.7997221843658773,0.9122085948647509,0.9912365518743957,0.9297969470296031,0.8938819506026267,1.0,0.9672305139576818,0.9564291926928614,0.8192125756168268,0.8740992224472406
32_encoder_0.1,0.6955723461328831,0.7967483413288536,0.8675885018109004,0.6400848837154953,0.8489945811556936,1.0,0.9266910862991456,0.8793519581163346,0.7731348582177198,0.9244882242223322,0.9007332253711064,0.7697977308287652,0.8221719286457017
4_encoder_0.1,1.0,1.0,1.0000000000000002,0.9782166796536904,1.0,0.7315989928212314,0.4525296192399878,0.4526413440218665,0.9980993452151807,0.9999999999999999,0.7269738602596533,0.9956433359307381,0.8881755456623042
59_encoder_0.1,0.6867141885128225,0.7429236326924067,0.7148936287816712,0.6331593779317446,0.8183549124142928,0.9744840690904777,1.0,1.0,0.7476578089331305,0.9437301614962418,0.93317440790397,0.7192091480665875,0.8047952520015405
8_encoder_0.1,0.734566265189001,0.9311678723135719,0.9964899710695716,0.7709351843827772,0.9122742512978448,0.9916221038784112,0.9157673848044244,0.7917615977823375,0.9725515899783055,0.947588558245598,0.9238582469378154,0.8690867088505533,0.8909953240854581
Unintegrated,0.0,0.0,0.13585193829056608,0.0,0.0,0.0,0.09333594861164729,0.3081729517272971,0.0,0.6567222804616546,0.21164623616011982,0.027170387658113214,0.10096072705891587
Unintegrated_HVG_only,0.8227905369541131,0.46362811312815877,0.0,1.0,1.0,0.9329304985976172,0.0,0.0,0.8032652876039688,0.0,0.3472391572403172,0.6572837300164543,0.5332659009059995
Metric Type,Bio conservation,Bio conservation,Bio conservation,Bio conservation,Bio conservation,Batch correction,Batch correction,Batch correction,Batch correction,Batch correction,Aggregate score,Aggregate score,Aggregate score
