Embedding,Isolated labels,Leiden NMI,Leiden ARI,Silhouette label,cLISI,Silhouette batch,iLISI,KBET,Graph connectivity,PCR comparison,Batch correction,Bio conservation,Total
16_encoder_0.1,0.6802662450861776,0.6618845148743473,0.7091367423274505,0.6510029775838309,0.8212179241670583,0.9976981150889968,0.899443377457535,0.8240844829013524,0.7977520838840935,0.9599646304936044,0.8957885379651163,0.704701680807773,0.7811364236707103
32_encoder_0.1,0.6893664310093581,0.5436959916462372,0.6765048874742817,0.5737776112849104,0.8193292115774966,0.9887335696797779,0.9244973523528415,0.796516901777823,0.8985242261535333,0.9820463408301149,0.9180636781588181,0.6605348265984567,0.7635463672226013
4_encoder_0.1,1.0,1.0,0.9999999999999999,1.0,1.0,0.7671810831874746,0.21518107192917468,0.21879404744592257,1.0,0.8515366100719283,0.6105385625269,1.0,0.84421542501076
64_encoder_0.1,0.6827474111839944,0.5518800071686654,0.6747112632742268,0.5600277030271563,0.8639951852054537,0.9610233048790411,0.9575884443764349,0.9229951364136876,0.8595502942144506,0.9829969479055674,0.9368308255578363,0.6666723139718993,0.7747357186062741
67_encoder_0.1,0.6313487354518008,0.5464482941327149,0.6716003091079582,0.5406052746343271,0.8164622202768896,0.9723374943253242,1.0,1.0,0.4441399111410398,0.9999999999999999,0.8832954810932728,0.6412929667207381,0.738093972469752
8_encoder_0.1,0.7338600512544984,0.9207341339796606,0.9569216694643078,0.6481085253783476,0.8862067078842983,0.9999999999999991,0.957788066416702,0.8346513729683388,0.7147109909119695,0.9599525481977924,0.8934205956989605,0.8291662175922225,0.8548679688349177
Unintegrated,0.0,0.0,0.0,0.0,0.0,0.0,0.10839801903843727,0.31626080616304175,0.0,0.6804850186355267,0.22102876876740113,0.0,0.08841150750696046
Unintegrated_HVG_only,0.8927714149874957,0.46356264318005636,0.06515955468974999,0.8707626041321461,0.9999978114569785,0.8876841809703491,0.0,0.0,0.8604144155335405,0.0,0.3496197193007779,0.6584508056892854,0.5349183711338824
Metric Type,Bio conservation,Bio conservation,Bio conservation,Bio conservation,Bio conservation,Batch correction,Batch correction,Batch correction,Batch correction,Batch correction,Aggregate score,Aggregate score,Aggregate score
