Embedding,Isolated labels,Leiden NMI,Leiden ARI,Silhouette label,cLISI,Silhouette batch,iLISI,KBET,Graph connectivity,PCR comparison,Batch correction,Bio conservation,Total
100_encoder_0.1,0.5741767,0.8086061113326747,0.8364929449148539,0.5439245142042637,0.9994364062945048,0.94540197,0.3010690552847726,0.4134882940049438,0.8079916864182228,0.5677023094737537,0.6071306623507002,0.752527341094346,0.6943686695968877
16_encoder_0.1,0.57568985,0.8069419297203271,0.7868412327897117,0.5484438389539719,0.999724280834198,0.94470394,0.2950754165649414,0.4729293320127712,0.83969971903406,0.5813809476665521,0.6267578703710336,0.743528226907182,0.6968200842927226
32_encoder_0.1,0.628592,0.8200246302604266,0.8200371128336964,0.5482560470700264,0.9997058073679607,0.9446235,0.30437724930899485,0.4541142613310974,0.8615505223847106,0.6174681251079805,0.636426725687836,0.7633231223689708,0.7125645636965169
4_encoder_0.1,0.5741107,0.8529052983742252,0.8335783448212277,0.5864790305495262,0.999999984105428,0.92037547,0.20005055836268834,0.28549901733807065,0.8714161530839909,0.617439758977674,0.578956190821833,0.7694146689258858,0.6932312776842647
64_encoder_0.1,0.6000563,0.7433780620896892,0.6580395955943484,0.5456226728856564,0.9997746268908183,0.9384417,0.2993506022862026,0.4437478728744261,0.8395034213345832,0.6357468566736356,0.6313580893903309,0.7093742496174077,0.678167785526577
8_encoder_0.1,0.5834989,0.8413203016002506,0.8420932564722563,0.5536400936543941,0.9997990528742472,0.9435991,0.28940742356436594,0.4127676423331409,0.8388136804575541,0.6116948532337874,0.619256540894027,0.7640703199538905,0.7061448083299451
Unintegrated,0.36172783,0.6474679489633876,0.45034543944307526,0.471346041187644,0.9971433480580648,0.8120415,0.19999160085405623,0.26514872018437574,0.7175599942657188,0.4982723109684959,0.4986028294690069,0.5856061222800071,0.550804805155607
Unintegrated_HVG_only,0.5421505,0.7534082676763237,0.47061303153389605,0.5740813389420509,0.9999999721844991,0.9286597,0.16962286404200963,0.25615462500607505,0.8406296048091512,0,0.4390133542725458,0.6680506215546587,0.5764357146418135
Metric Type,Bio conservation,Bio conservation,Bio conservation,Bio conservation,Bio conservation,Batch correction,Batch correction,Batch correction,Batch correction,Batch correction,Aggregate score,Aggregate score,Aggregate score
