Embedding,Isolated labels,Leiden NMI,Leiden ARI,Silhouette label,cLISI,Silhouette batch,iLISI,KBET,Graph connectivity,PCR comparison,Batch correction,Bio conservation,Total
16_encoder_0.1,0.54112446,0.7892757819698217,0.7242934349384852,0.5478166341781616,0.9996753811836243,0.9500168,0.2975571496146066,0.3556663333183488,0.845960933790702,0.7011023142307797,0.630060705508667,0.7204371390702905,0.684286565645641
32_encoder_0.1,0.54252774,0.76340243541084,0.7092496462962562,0.5386286899447441,0.9996719519297282,0.9489987,0.3014941896711077,0.3491881392173165,0.854834413160639,0.7172291304915166,0.6343489124384138,0.7106960917629751,0.6801572200331506
4_encoder_0.1,0.59042823,0.8632946366324677,0.8583858851502486,0.5893388092517853,0.9999999880790711,0.9238369,0.19003057479858398,0.2134271970369345,0.8637698507279723,0.6219146636272572,0.562595834614706,0.7802895104520481,0.6932120401171112
64_encoder_0.1,0.54150707,0.7651940465087059,0.7084227578619142,0.536992784589529,0.9997530500094096,0.9458516,0.30669420106070383,0.37890966428894163,0.8514025680768846,0.7179233822233052,0.6401562879323658,0.7103739408531464,0.6822868796848341
67_encoder_0.1,0.53358126,0.7640049581780494,0.7069885599849136,0.5346819870173931,0.9996667464574178,0.9471366,0.31335885184151785,0.3970052835890284,0.81482365468628,0.7303411294367207,0.6405331000995216,0.7077847017008457,0.6808840610603161
8_encoder_0.1,0.54938877,0.8459420784836215,0.8385261100147233,0.5474722646176815,0.9997933785120646,0.9502782,0.3067255701337542,0.3581494806279175,0.8386487599225019,0.7010934902329282,0.6309791046955968,0.7562245195833697,0.7061263536282605
Unintegrated,0.43622565,0.6443787397898885,0.39737045375903735,0.4703630805015564,0.998184331258138,0.83670783,0.17325043678283691,0.2363312225493166,0.7757149660137874,0.49699147859478005,0.5037991868739596,0.5893044516006645,0.5551023457099826
Unintegrated_HVG_only,0.5738933,0.7458599715643671,0.4274100139735917,0.5739626958966255,0.999999984105428,0.9375225,0.15621651921953475,0.1620120837140107,0.8514786581800162,1.652980313782336e-05,0.42144925237355596,0.6642251948359077,0.567114817850967
Metric Type,Bio conservation,Bio conservation,Bio conservation,Bio conservation,Bio conservation,Batch correction,Batch correction,Batch correction,Batch correction,Batch correction,Aggregate score,Aggregate score,Aggregate score
